﻿<?xml version="1.0" encoding="utf-8"?>
<abapGit version="v1.0.0" serializer="LCL_OBJECT_CLAS" serializer_version="v1.0.0">
 <asx:abap xmlns:asx="http://www.sap.com/abapxml" version="1.0">
  <asx:values>
   <VSEOCLASS>
    <CLSNAME>ZCL_RUNTIME_AND_MEMORY_UTIL</CLSNAME>
    <VERSION>1</VERSION>
    <LANGU>F</LANGU>
    <DESCRIPT>Classe utilitaire pour temps de traitement/occupat° mémoire</DESCRIPT>
    <EXPOSURE>2</EXPOSURE>
    <STATE>1</STATE>
    <CLSCCINCL>X</CLSCCINCL>
    <FIXPT>X</FIXPT>
    <UNICODE>X</UNICODE>
   </VSEOCLASS>
   <TPOOL/>
   <DESCRIPTIONS>
    <SEOCOMPOTX>
     <CLSNAME>ZCL_RUNTIME_AND_MEMORY_UTIL</CLSNAME>
     <CMPNAME>CONSTRUCTOR</CMPNAME>
     <LANGU>F</LANGU>
     <DESCRIPT>Instanciation de la classe</DESCRIPT>
    </SEOCOMPOTX>
    <SEOCOMPOTX>
     <CLSNAME>ZCL_RUNTIME_AND_MEMORY_UTIL</CLSNAME>
     <CMPNAME>CREATE_RUNTIME_UTIL</CMPNAME>
     <LANGU>F</LANGU>
     <DESCRIPT>Création instance Runtime (si nécessaire)</DESCRIPT>
    </SEOCOMPOTX>
    <SEOCOMPOTX>
     <CLSNAME>ZCL_RUNTIME_AND_MEMORY_UTIL</CLSNAME>
     <CMPNAME>EMPTY_DB_TABLE</CMPNAME>
     <LANGU>F</LANGU>
     <DESCRIPT>Supprimer le contenu de la table</DESCRIPT>
    </SEOCOMPOTX>
    <SEOCOMPOTX>
     <CLSNAME>ZCL_RUNTIME_AND_MEMORY_UTIL</CLSNAME>
     <CMPNAME>END</CMPNAME>
     <LANGU>F</LANGU>
     <DESCRIPT>Fin de la trace</DESCRIPT>
    </SEOCOMPOTX>
    <SEOCOMPOTX>
     <CLSNAME>ZCL_RUNTIME_AND_MEMORY_UTIL</CLSNAME>
     <CMPNAME>REFRESH_MEASURE_TAB</CMPNAME>
     <LANGU>F</LANGU>
     <DESCRIPT>Vider la tables des mesures</DESCRIPT>
    </SEOCOMPOTX>
    <SEOCOMPOTX>
     <CLSNAME>ZCL_RUNTIME_AND_MEMORY_UTIL</CLSNAME>
     <CMPNAME>SAVE_TO_DB</CMPNAME>
     <LANGU>F</LANGU>
     <DESCRIPT>Sauvegarde des données de trace en DB</DESCRIPT>
    </SEOCOMPOTX>
    <SEOCOMPOTX>
     <CLSNAME>ZCL_RUNTIME_AND_MEMORY_UTIL</CLSNAME>
     <CMPNAME>SET_DELTA</CMPNAME>
     <LANGU>F</LANGU>
     <DESCRIPT>Détermination de la durée d&apos;exécution et mémoire allouée</DESCRIPT>
    </SEOCOMPOTX>
    <SEOCOMPOTX>
     <CLSNAME>ZCL_RUNTIME_AND_MEMORY_UTIL</CLSNAME>
     <CMPNAME>START</CMPNAME>
     <LANGU>F</LANGU>
     <DESCRIPT>Début de la trace</DESCRIPT>
    </SEOCOMPOTX>
    <SEOCOMPOTX>
     <CLSNAME>ZCL_RUNTIME_AND_MEMORY_UTIL</CLSNAME>
     <CMPNAME>STOP</CMPNAME>
     <LANGU>F</LANGU>
     <DESCRIPT>Fin de la trace (identique à méthode END)</DESCRIPT>
    </SEOCOMPOTX>
    <SEOCOMPOTX>
     <CLSNAME>ZCL_RUNTIME_AND_MEMORY_UTIL</CLSNAME>
     <CMPNAME>TAKE_SNAPSHOT_MEMORY</CMPNAME>
     <LANGU>F</LANGU>
     <DESCRIPT>Capture empreinte mémoire</DESCRIPT>
    </SEOCOMPOTX>
   </DESCRIPTIONS>
  </asx:values>
 </asx:abap>
</abapGit>
