﻿<?xml version="1.0" encoding="utf-8"?>
<abapGit version="v1.0.0" serializer="LCL_OBJECT_CLAS" serializer_version="v1.0.0">
 <asx:abap xmlns:asx="http://www.sap.com/abapxml" version="1.0">
  <asx:values>
   <VSEOCLASS>
    <CLSNAME>ZCL_RUNTIME_AND_MEMORY_UTIL_ST</CLSNAME>
    <LANGU>F</LANGU>
    <DESCRIPT>Classe mesure temps de traitement/occupat° mémoire Singleton</DESCRIPT>
    <STATE>1</STATE>
    <CLSCCINCL>X</CLSCCINCL>
    <FIXPT>X</FIXPT>
    <UNICODE>X</UNICODE>
   </VSEOCLASS>
   <DESCRIPTIONS>
    <SEOCOMPOTX>
     <CLSNAME>ZCL_RUNTIME_AND_MEMORY_UTIL_ST</CLSNAME>
     <CMPNAME>GET_INSTANCE</CMPNAME>
     <LANGU>F</LANGU>
     <DESCRIPT>Récupération instance Trace</DESCRIPT>
    </SEOCOMPOTX>
    <SEOCOMPOTX>
     <CLSNAME>ZCL_RUNTIME_AND_MEMORY_UTIL_ST</CLSNAME>
     <CMPNAME>LINK_PROGAMM_SINGLETON_ID_GET</CMPNAME>
     <LANGU>F</LANGU>
     <DESCRIPT>Récupération ID Trace</DESCRIPT>
    </SEOCOMPOTX>
    <SEOCOMPOTX>
     <CLSNAME>ZCL_RUNTIME_AND_MEMORY_UTIL_ST</CLSNAME>
     <CMPNAME>LINK_PROGAMM_SINGLETON_ID_SET</CMPNAME>
     <LANGU>F</LANGU>
     <DESCRIPT>Initialisation ID Trace</DESCRIPT>
    </SEOCOMPOTX>
   </DESCRIPTIONS>
  </asx:values>
 </asx:abap>
</abapGit>
