﻿<?xml version="1.0" encoding="utf-8"?>
<abapGit version="v1.0.0" serializer="LCL_OBJECT_DTEL" serializer_version="v1.0.0">
 <asx:abap xmlns:asx="http://www.sap.com/abapxml" version="1.0">
  <asx:values>
   <DD04V>
    <ROLLNAME>ZTEC_TAKE_MEMORY_SNAPSHOT</ROLLNAME>
    <DDLANGUAGE>F</DDLANGUAGE>
    <DOMNAME>FLAG</DOMNAME>
    <HEADLEN>25</HEADLEN>
    <SCRLEN1>10</SCRLEN1>
    <SCRLEN2>15</SCRLEN2>
    <SCRLEN3>25</SCRLEN3>
    <DDTEXT>Trace - Snapshot memory</DDTEXT>
    <REPTEXT>Snapshot memory</REPTEXT>
    <SCRTEXT_S>Snapshot</SCRTEXT_S>
    <SCRTEXT_M>Snapshot</SCRTEXT_M>
    <SCRTEXT_L>Snapshot memory</SCRTEXT_L>
    <DTELMASTER>F</DTELMASTER>
    <REFKIND>D</REFKIND>
   </DD04V>
   <TPARA/>
  </asx:values>
 </asx:abap>
</abapGit>
