﻿<?xml version="1.0" encoding="utf-8"?>
<abapGit version="v1.0.0" serializer="LCL_OBJECT_DTEL" serializer_version="v1.0.0">
 <asx:abap xmlns:asx="http://www.sap.com/abapxml" version="1.0">
  <asx:values>
   <DD04V>
    <ROLLNAME>ZTEC_OBJECT_ID</ROLLNAME>
    <DDLANGUAGE>F</DDLANGUAGE>
    <DOMNAME>CHAR45</DOMNAME>
    <HEADLEN>17</HEADLEN>
    <SCRLEN1>08</SCRLEN1>
    <SCRLEN2>15</SCRLEN2>
    <SCRLEN3>17</SCRLEN3>
    <DDTEXT>Trace - Identifiant objet</DDTEXT>
    <REPTEXT>Identifiant Objet</REPTEXT>
    <SCRTEXT_S>ID Obj</SCRTEXT_S>
    <SCRTEXT_M>Identifiant Obj</SCRTEXT_M>
    <SCRTEXT_L>Identifiant Objet</SCRTEXT_L>
    <DTELMASTER>F</DTELMASTER>
    <REFKIND>D</REFKIND>
   </DD04V>
   <TPARA/>
  </asx:values>
 </asx:abap>
</abapGit>
