﻿<?xml version="1.0" encoding="utf-8"?>
<abapGit version="v1.0.0" serializer="LCL_OBJECT_DTEL" serializer_version="v1.0.0">
 <asx:abap xmlns:asx="http://www.sap.com/abapxml" version="1.0">
  <asx:values>
   <DD04V>
    <ROLLNAME>ZTEC_TRACE_NO</ROLLNAME>
    <DDLANGUAGE>F</DDLANGUAGE>
    <DOMNAME>INT4</DOMNAME>
    <HEADLEN>18</HEADLEN>
    <SCRLEN1>10</SCRLEN1>
    <SCRLEN2>11</SCRLEN2>
    <SCRLEN3>18</SCRLEN3>
    <DDTEXT>Trace - Numéro</DDTEXT>
    <REPTEXT>Numéro de Trace</REPTEXT>
    <SCRTEXT_S>Numéro</SCRTEXT_S>
    <SCRTEXT_M>Numéro</SCRTEXT_M>
    <SCRTEXT_L>Numéro de Trace</SCRTEXT_L>
    <DTELMASTER>F</DTELMASTER>
    <REFKIND>D</REFKIND>
   </DD04V>
   <TPARA/>
  </asx:values>
 </asx:abap>
</abapGit>
