﻿<?xml version="1.0" encoding="utf-8"?>
<abapGit version="v1.0.0" serializer="LCL_OBJECT_DTEL" serializer_version="v1.0.0">
 <asx:abap xmlns:asx="http://www.sap.com/abapxml" version="1.0">
  <asx:values>
   <DD04V>
    <ROLLNAME>ZTEC_SEQNR</ROLLNAME>
    <DDLANGUAGE>F</DDLANGUAGE>
    <DOMNAME>SEQNR</DOMNAME>
    <HEADLEN>18</HEADLEN>
    <SCRLEN1>10</SCRLEN1>
    <SCRLEN2>15</SCRLEN2>
    <SCRLEN3>20</SCRLEN3>
    <DDTEXT>Trace - Numéro de séquence</DDTEXT>
    <REPTEXT>Numéro de séquence</REPTEXT>
    <SCRTEXT_S>N° séq</SCRTEXT_S>
    <SCRTEXT_M>N° séquence</SCRTEXT_M>
    <SCRTEXT_L>Numéro de séquence</SCRTEXT_L>
    <DTELMASTER>F</DTELMASTER>
    <REFKIND>D</REFKIND>
   </DD04V>
   <TPARA/>
  </asx:values>
 </asx:abap>
</abapGit>
