﻿<?xml version="1.0" encoding="utf-8"?>
<abapGit version="v1.0.0" serializer="LCL_OBJECT_DTEL" serializer_version="v1.0.0">
 <asx:abap xmlns:asx="http://www.sap.com/abapxml" version="1.0">
  <asx:values>
   <DD04V>
    <ROLLNAME>ZTEC_GUID_RUNTIME</ROLLNAME>
    <DDLANGUAGE>F</DDLANGUAGE>
    <DOMNAME>SYSUUID_X16</DOMNAME>
    <HEADLEN>15</HEADLEN>
    <SCRLEN1>04</SCRLEN1>
    <SCRLEN2>11</SCRLEN2>
    <SCRLEN3>15</SCRLEN3>
    <DDTEXT>Trace - GUID Trace</DDTEXT>
    <REPTEXT>GUID Trace</REPTEXT>
    <SCRTEXT_S>GUID</SCRTEXT_S>
    <SCRTEXT_M>GUID Trace</SCRTEXT_M>
    <SCRTEXT_L>GUID Trace</SCRTEXT_L>
    <DTELMASTER>F</DTELMASTER>
    <REFKIND>D</REFKIND>
   </DD04V>
  </asx:values>
 </asx:abap>
</abapGit>
