﻿<?xml version="1.0" encoding="utf-8"?>
<abapGit version="v1.0.0" serializer="LCL_OBJECT_DTEL" serializer_version="v1.0.0">
 <asx:abap xmlns:asx="http://www.sap.com/abapxml" version="1.0">
  <asx:values>
   <DD04V>
    <ROLLNAME>ZTEC_DESCRIPTION</ROLLNAME>
    <DDLANGUAGE>F</DDLANGUAGE>
    <DOMNAME>CHAR50</DOMNAME>
    <HEADLEN>50</HEADLEN>
    <SCRLEN1>10</SCRLEN1>
    <SCRLEN2>20</SCRLEN2>
    <SCRLEN3>40</SCRLEN3>
    <DDTEXT>Trace - Description</DDTEXT>
    <REPTEXT>Description</REPTEXT>
    <SCRTEXT_S>Desc.</SCRTEXT_S>
    <SCRTEXT_M>Description</SCRTEXT_M>
    <SCRTEXT_L>Description</SCRTEXT_L>
    <DTELMASTER>F</DTELMASTER>
    <REFKIND>D</REFKIND>
   </DD04V>
   <TPARA/>
  </asx:values>
 </asx:abap>
</abapGit>
