﻿<?xml version="1.0" encoding="utf-8"?>
<abapGit version="v1.0.0" serializer="LCL_OBJECT_DTEL" serializer_version="v1.0.0">
 <asx:abap xmlns:asx="http://www.sap.com/abapxml" version="1.0">
  <asx:values>
   <DD04V>
    <ROLLNAME>ZTEC_TRACE_RUNTIME</ROLLNAME>
    <DDLANGUAGE>F</DDLANGUAGE>
    <DOMNAME>FLAG</DOMNAME>
    <HEADLEN>55</HEADLEN>
    <SCRLEN1>10</SCRLEN1>
    <SCRLEN2>20</SCRLEN2>
    <SCRLEN3>40</SCRLEN3>
    <DDTEXT>Trace - Durée d&apos;exécution</DDTEXT>
    <REPTEXT>Durée d&apos;exécution</REPTEXT>
    <SCRTEXT_S>Durée</SCRTEXT_S>
    <SCRTEXT_M>Durée exec</SCRTEXT_M>
    <SCRTEXT_L>Durée d&apos;exécution</SCRTEXT_L>
    <DTELMASTER>F</DTELMASTER>
    <REFKIND>D</REFKIND>
   </DD04V>
   <TPARA/>
  </asx:values>
 </asx:abap>
</abapGit>
